{
	"credit": "AtlantisRP by CoralMC",
	"texture_size": [32, 32],
	"textures": {
		"2": "1_PlatinumCard",
		"particle": "1_PlatinumCard"
	},
	"elements": [
		{
			"from": [13.499, -0.001, 4.499],
			"to": [14.001, 0.701, 11.501],
			"faces": {
				"north": {"uv": [7, 7, 7.5, 7.25], "texture": "#2"},
				"east": {"uv": [6, 2, 9, 2.25], "texture": "#2"},
				"south": {"uv": [5, 7.5, 5.5, 7.75], "texture": "#2"},
				"west": {"uv": [6, 2.5, 9, 2.75], "texture": "#2"},
				"up": {"uv": [16, 16, 15.25, 10], "texture": "#2"},
				"down": {"uv": [5.5, 3, 5, 6], "texture": "#2"}
			}
		},
		{
			"from": [1.999, -0.001, 4.499],
			"to": [2.501, 0.701, 11.501],
			"faces": {
				"north": {"uv": [5.5, 7.5, 6, 7.75], "texture": "#2"},
				"east": {"uv": [6, 3, 9, 3.25], "texture": "#2"},
				"south": {"uv": [6, 7.5, 6.5, 7.75], "texture": "#2"},
				"west": {"uv": [6, 3.5, 9, 3.75], "texture": "#2"},
				"up": {"uv": [16, 16, 15.25, 10], "texture": "#2"},
				"down": {"uv": [6, 3, 5.5, 6], "texture": "#2"}
			}
		},
		{
			"from": [2.499, 0.001, 3.999],
			"to": [13.501, 0.701, 12.001],
			"faces": {
				"north": {"uv": [6, 0, 11, 0.25], "texture": "#2"},
				"east": {"uv": [6, 1, 10, 1.25], "texture": "#2"},
				"south": {"uv": [6, 0.5, 11, 0.75], "texture": "#2"},
				"west": {"uv": [6, 1.5, 10, 1.75], "texture": "#2"},
				"up": {"uv": [12.5, 16, 2, 8.5], "texture": "#2"},
				"down": {"uv": [5, 4, 0, 8], "texture": "#2"}
			}
		},
		{
			"from": [12.94034, 0.001, 4.23123],
			"to": [13.93893, 0.7, 4.93834],
			"rotation": {"angle": 45, "axis": "y", "origin": [13.44034, 1.001, 4.64545]},
			"faces": {
				"east": {"uv": [7, 4, 7.75, 4.25], "texture": "#2"},
				"up": {"uv": [6.5, 4.75, 6, 4], "texture": "#2"},
				"down": {"uv": [5.5, 6, 5, 6.75], "texture": "#2"}
			}
		},
		{
			"from": [2.56025, -0.001, 4.44034],
			"to": [3.56166, 0.7, 5.14745],
			"rotation": {"angle": -45, "axis": "y", "origin": [3.06166, 0.999, 4.14745]},
			"faces": {
				"north": {"uv": [7.5, 7, 8, 7.25], "texture": "#2"},
				"east": {"uv": [5, 7, 5.75, 7.25], "texture": "#2"},
				"south": {"uv": [7.5, 7.5, 8, 7.75], "texture": "#2"},
				"west": {"uv": [7, 5, 7.75, 5.25], "texture": "#2"},
				"up": {"uv": [6.5, 5.75, 6, 5], "texture": "#2"},
				"down": {"uv": [6, 6, 5.5, 6.75], "texture": "#2"}
			}
		},
		{
			"from": [2.06107, 0.001, 11.06166],
			"to": [3.05966, 0.7, 11.76877],
			"rotation": {"angle": 45, "axis": "y", "origin": [2.55966, 1.001, 11.35455]},
			"faces": {
				"west": {"uv": [6, 7, 6.75, 7.25], "texture": "#2"},
				"up": {"uv": [6.5, 6.75, 6, 6], "texture": "#2"},
				"down": {"uv": [7, 4, 6.5, 4.75], "texture": "#2"}
			}
		},
		{
			"from": [13.03934, 0, 10.85355],
			"to": [13.43934, 0.7, 11.56066],
			"rotation": {"angle": -45, "axis": "y", "origin": [12.93934, 1, 11.85355]},
			"faces": {
				"east": {"uv": [7, 6, 7.75, 6.25], "texture": "#2"},
				"south": {"uv": [1.5, 8, 2, 8.25], "texture": "#2"},
				"west": {"uv": [7, 6.5, 7.75, 6.75], "texture": "#2"},
				"up": {"uv": [7, 5.75, 6.5, 5], "texture": "#2"},
				"down": {"uv": [7, 6, 6.5, 6.75], "texture": "#2"}
			}
		}
	],
	"gui_light": "front",
	"display": {
		"thirdperson_righthand": {
			"rotation": [-23.66, 22.47, 96],
			"translation": [-2.25, 2.25, 1],
			"scale": [0.35, 0.35, 0.35]
		},
		"thirdperson_lefthand": {
			"rotation": [-23.66, 22.47, 92.96],
			"translation": [-2.25, 2, 1],
			"scale": [0.35, 0.35, 0.35]
		},
		"firstperson_righthand": {
			"rotation": [-100, 5, 165],
			"translation": [-6.25, 7, 9],
			"scale": [0.2, 0.2, 0.2]
		},
		"firstperson_lefthand": {
			"rotation": [-100, 5, 165],
			"translation": [-6.25, 7, 9],
			"scale": [0.2, 0.2, 0.2]
		},
		"ground": {
			"translation": [0, 1, 0],
			"scale": [0.59, 0.59, 0.59]
		},
		"gui": {
			"rotation": [120, 180, 30],
			"translation": [4.5, -4, 0],
			"scale": [1.2, 1.2, 1.2]
		},
		"fixed": {
			"rotation": [90, 180, 180],
			"translation": [0, 0, -6.75]
		}
	}
}